{
"name": "_wbt_rustacean",
"flags": {
	"0": { "outline": [[0.428666,0.149471],[0.441496,0.152694],[0.453723,0.152909],[0.465034,0.150281],[0.475114,0.144974],[0.483651,0.137154],[0.490332,0.126986],[0.494842,0.114634],[0.497107,0.101189],[0.497109,0.0886006],[0.494933,0.0770712],[0.490661,0.0668025],[0.484379,0.0579964],[0.47617,0.050855],[0.466118,0.04558],[0.455047,0.0428458],[0.443822,0.0429251],[0.432906,0.0455398],[0.422761,0.0504115],[0.413848,0.0572621],[0.406629,0.0658132],[0.401566,0.0757868],[0.399121,0.0869044],[0.398861,0.097042],[0.40003,0.106931],[0.402954,0.116452],[0.407961,0.125484],[0.408513,0.116797],[0.410476,0.108497],[0.414851,0.100876],[0.422463,0.094907],[0.430929,0.0935711],[0.438859,0.0972352],[0.444871,0.104317],[0.448137,0.112275],[0.449048,0.120867],[0.447993,0.129851],[0.444615,0.139161],[0.438368,0.146023],[0.428661,0.149469],[0.428666,0.149471]] },
	"1": { "outline": [[0.428666,0.149471],[0.438369,0.146024],[0.444615,0.139161],[0.447993,0.129851],[0.449048,0.120867],[0.448137,0.112275],[0.444871,0.104317],[0.438859,0.0972352],[0.430929,0.0935711],[0.422463,0.094907],[0.414851,0.100876],[0.410477,0.108497],[0.408513,0.116797],[0.407961,0.125484],[0.411751,0.136154],[0.417877,0.144818],[0.428661,0.149469],[0.428666,0.149471]] },
	"2": { "outline": [[0.59692,0.14909],[0.606192,0.142229],[0.612043,0.132413],[0.614182,0.121168],[0.612319,0.110021],[0.606162,0.100496],[0.597291,0.0957131],[0.587946,0.0969865],[0.579764,0.104052],[0.574934,0.113765],[0.573515,0.123993],[0.574893,0.134665],[0.580965,0.14141],[0.587471,0.147492],[0.596915,0.149089],[0.59692,0.14909]] },
	"3": { "outline": [[0.59692,0.14909],[0.606298,0.154221],[0.615961,0.153483],[0.625309,0.150263],[0.634308,0.145575],[0.64168,0.138618],[0.646857,0.129353],[0.649649,0.121527],[0.652074,0.113599],[0.653934,0.105471],[0.655368,0.0908125],[0.653944,0.0784982],[0.6498,0.0683227],[0.643075,0.0600804],[0.633908,0.0535656],[0.622436,0.0485728],[0.608798,0.0448964],[0.596969,0.044657],[0.58618,0.0485128],[0.576787,0.0556048],[0.569143,0.065074],[0.563602,0.0760614],[0.560518,0.0877079],[0.560245,0.0991546],[0.561538,0.108904],[0.563813,0.11837],[0.567966,0.127105],[0.574893,0.134665],[0.573515,0.123993],[0.574934,0.113765],[0.579764,0.104052],[0.587946,0.0969865],[0.597291,0.0957131],[0.606162,0.100496],[0.612318,0.110021],[0.614182,0.121168],[0.612042,0.132413],[0.60619,0.142228],[0.596915,0.149089],[0.59692,0.14909]] }
},
"outline": [[0.976942,0.327248],[0.975192,0.316354],[0.973714,0.305439],[0.97251,0.294504],[0.971579,0.283549],[0.970924,0.272576],[0.970543,0.261584],[0.97044,0.250573],[0.970613,0.239545],[0.97027,0.232236],[0.973867,0.226774],[0.980391,0.227992],[0.98627,0.232631],[0.994418,0.239653],[1.0017,0.247263],[1.00817,0.255426],[1.01386,0.264107],[1.01884,0.273271],[1.02315,0.282883],[1.02684,0.292908],[1.029,0.299727],[1.03123,0.307181],[1.03381,0.315829],[1.03935,0.305985],[1.04373,0.296216],[1.04697,0.286472],[1.04906,0.276702],[1.05,0.266855],[1.04979,0.25688],[1.04842,0.246727],[1.04615,0.237113],[1.04307,0.227904],[1.03924,0.219083],[1.03468,0.210634],[1.02946,0.202539],[1.02362,0.194782],[1.01719,0.187347],[1.00988,0.179735],[1.00226,0.172478],[0.994334,0.165591],[0.986086,0.159088],[0.97751,0.152985],[0.968598,0.147295],[0.96209,0.142799],[0.956306,0.137527],[0.95121,0.131346],[0.944785,0.122733],[0.938016,0.114398],[0.930925,0.106338],[0.923537,0.0985468],[0.915876,0.0910194],[0.912055,0.0840495],[0.917078,0.0782222],[0.924577,0.0728172],[0.931979,0.0672705],[0.939416,0.0617808],[0.94702,0.0565465],[0.954462,0.0491422],[0.956292,0.0406154],[0.953365,0.0308921],[0.948655,0.021888],[0.943505,0.0131642],[0.938035,0.00464386],[0.932363,-0.00374965],[0.92661,-0.0120931],[0.920895,-0.0204632],[0.91474,-0.0294993],[0.908497,-0.0384738],[0.902187,-0.0474028],[0.895835,-0.0563022],[0.889464,-0.065188],[0.883095,-0.0740762],[0.876754,-0.0829828],[0.870462,-0.0919237],[0.864242,-0.100915],[0.858118,-0.109972],[0.852113,-0.119112],[0.84625,-0.12835],[0.838537,-0.13568],[0.839472,-0.126251],[0.841121,-0.117124],[0.843409,-0.108263],[0.846263,-0.0996287],[0.849611,-0.0911827],[0.85383,-0.0814608],[0.858128,-0.0717717],[0.862449,-0.062092],[0.866735,-0.0523985],[0.870928,-0.0426678],[0.874971,-0.0328766],[0.878807,-0.0230015],[0.882377,-0.0130193],[0.885626,-0.00290665],[0.888065,0.00589003],[0.890207,0.0147744],[0.892186,0.0236959],[0.888398,0.032951],[0.880769,0.0275428],[0.874959,0.0189937],[0.869158,0.0104381],[0.863364,0.00187825],[0.857572,-0.00668375],[0.851781,-0.0152458],[0.845987,-0.0238057],[0.840186,-0.0323615],[0.834376,-0.0409109],[0.828554,-0.0494519],[0.823676,-0.0567048],[0.818732,-0.0638519],[0.813463,-0.070635],[0.807611,-0.0767961],[0.809516,-0.0658994],[0.812571,-0.0554089],[0.816514,-0.045227],[0.821081,-0.035256],[0.826011,-0.0253983],[0.83104,-0.0155562],[0.835905,-0.00563224],[0.840345,0.00447129],[0.844095,0.014852],[0.847047,0.023757],[0.850048,0.0324832],[0.843129,0.0317154],[0.833653,0.0260372],[0.824062,0.0206878],[0.814361,0.0156559],[0.804553,0.0109301],[0.794643,0.00649905],[0.784635,0.00235136],[0.774535,-0.00152431],[0.764346,-0.00513935],[0.754073,-0.00850509],[0.743721,-0.0116329],[0.733294,-0.0145342],[0.722795,-0.0172202],[0.712231,-0.0197024],[0.701605,-0.0219921],[0.690922,-0.0241007],[0.680186,-0.0260395],[0.669401,-0.0278199],[0.658426,-0.0294868],[0.647453,-0.0310243],[0.636483,-0.0324328],[0.625515,-0.0337128],[0.614551,-0.0348649],[0.603589,-0.0358895],[0.59263,-0.0367872],[0.581674,-0.0375584],[0.570721,-0.0382036],[0.559771,-0.0387234],[0.548825,-0.0391182],[0.537881,-0.0393886],[0.526941,-0.039535],[0.516004,-0.0395579],[0.50507,-0.039458],[0.49414,-0.0392355],[0.483213,-0.0388912],[0.47229,-0.0384253],[0.46137,-0.0378386],[0.450455,-0.0371314],[0.439542,-0.0363042],[0.428634,-0.0353576],[0.417729,-0.0342921],[0.406829,-0.0331082],[0.395932,-0.0318063],[0.385039,-0.030387],[0.37415,-0.0288507],[0.363266,-0.027198],[0.352385,-0.0254294],[0.341509,-0.0235454],[0.330637,-0.0215464],[0.319769,-0.019433],[0.308906,-0.0172056],[0.298836,-0.0149954],[0.288818,-0.0126036],[0.278855,-0.0100199],[0.268953,-0.00723405],[0.259117,-0.00423566],[0.249352,-0.00101449],[0.239663,0.00243974],[0.230056,0.00613734],[0.220534,0.0100886],[0.211104,0.0143037],[0.20177,0.0187932],[0.193875,0.021847],[0.197511,0.0119368],[0.20171,0.00236018],[0.20632,-0.00696082],[0.211189,-0.0161043],[0.216164,-0.0251483],[0.221094,-0.0341709],[0.225826,-0.0432501],[0.230208,-0.052464],[0.234087,-0.0618908],[0.237312,-0.0716083],[0.239731,-0.081695],[0.23382,-0.074319],[0.227908,-0.066944],[0.221996,-0.059569],[0.216086,-0.0521925],[0.210179,-0.0448135],[0.204277,-0.0374307],[0.19734,-0.0288555],[0.190335,-0.0203329],[0.183321,-0.0118178],[0.176356,-0.00326452],[0.169498,0.00537223],[0.162806,0.0141379],[0.156339,0.0230779],[0.150154,0.0322377],[0.144907,0.035582],[0.137987,0.0278599],[0.138334,0.0207886],[0.140813,0.0140883],[0.145205,0.00424941],[0.14989,-0.00541814],[0.154851,-0.0149247],[0.160069,-0.0242807],[0.165527,-0.0334964],[0.171206,-0.0425823],[0.177088,-0.0515486],[0.183156,-0.0604059],[0.189392,-0.0691642],[0.195487,-0.0777882],[0.201306,-0.0865634],[0.206763,-0.0955375],[0.211774,-0.104758],[0.216255,-0.114273],[0.22012,-0.124129],[0.222179,-0.1296],[0.222393,-0.135502],[0.215561,-0.131131],[0.208364,-0.123241],[0.201067,-0.115448],[0.193684,-0.107742],[0.186225,-0.10011],[0.178703,-0.0925397],[0.17113,-0.0850196],[0.163519,-0.0775374],[0.155882,-0.070081],[0.148231,-0.0626385],[0.140578,-0.0551976],[0.132936,-0.0477464],[0.125316,-0.0402728],[0.117732,-0.0327647],[0.110195,-0.0252101],[0.102717,-0.0175969],[0.0953113,-0.00991294],[0.0879896,-0.00214627],[0.0807641,0.0057154],[0.0767682,0.0101572],[0.0731113,0.014846],[0.0676448,0.0259069],[0.0684355,0.0353505],[0.0756323,0.0454303],[0.0821213,0.0524354],[0.0886593,0.0593924],[0.0954295,0.0661018],[0.100013,0.0736082],[0.0939223,0.0802244],[0.0849475,0.0855116],[0.0761102,