{
"name": "_wbt_tux",
"flags": {
	"0": { "outline": [[0.186259,-0.0533711],[0.205105,-0.0516094],[0.22268,-0.059086],[0.236838,-0.0719443],[0.248676,-0.0871875],[0.258977,-0.101536],[0.269073,-0.116028],[0.278926,-0.130686],[0.288497,-0.145529],[0.297746,-0.160578],[0.3068,-0.176062],[0.315841,-0.191542],[0.325245,-0.206773],[0.335387,-0.221508],[0.344927,-0.233849],[0.354735,-0.245962],[0.364305,-0.258246],[0.373116,-0.271153],[0.380544,-0.284842],[0.385918,-0.29941],[0.388808,-0.319416],[0.386781,-0.339518],[0.379902,-0.358492],[0.367635,-0.375937],[0.351113,-0.389387],[0.332229,-0.397449],[0.311797,-0.4],[0.294919,-0.397969],[0.278287,-0.392873],[0.261952,-0.386205],[0.245969,-0.379461],[0.227382,-0.372795],[0.208448,-0.367225],[0.189274,-0.362405],[0.169966,-0.357989],[0.150629,-0.353632],[0.131369,-0.348988],[0.112293,-0.343711],[0.0920225,-0.337244],[0.0716875,-0.331035],[0.0536836,-0.325277],[0.039375,-0.313375],[0.0359375,-0.299367],[0.0388164,-0.285102],[0.0448482,-0.271813],[0.0511054,-0.25859],[0.0554962,-0.243377],[0.057328,-0.227582],[0.05725,-0.211625],[0.0559975,-0.195792],[0.0542772,-0.179978],[0.0528242,-0.164145],[0.0535117,-0.142875],[0.0629648,-0.124184],[0.0803671,-0.11559],[0.0999179,-0.114344],[0.119555,-0.114301],[0.138332,-0.109059],[0.151824,-0.0963399],[0.161492,-0.0803555],[0.171633,-0.0647148],[0.186242,-0.0533711],[0.186259,-0.0533711]] },
	"1": { "outline": [[0.591927,0.406781],[0.590335,0.409338],[0.588988,0.414],[0.581211,0.420273],[0.567848,0.424184],[0.547362,0.430382],[0.527715,0.438836],[0.508937,0.448805],[0.489,0.457699],[0.473011,0.460425],[0.456764,0.459513],[0.440918,0.455508],[0.424439,0.448084],[0.409516,0.437881],[0.396617,0.425215],[0.386471,0.417228],[0.377582,0.407855],[0.370105,0.395223],[0.367656,0.383836],[0.367055,0.379539],[0.367355,0.377391],[0.36843,0.375543],[0.371609,0.373953],[0.375219,0.373566],[0.39,0.36725],[0.403191,0.357711],[0.419562,0.350632],[0.437352,0.348],[0.455248,0.348784],[0.473016,0.351695],[0.486921,0.354864],[0.500473,0.359258],[0.519932,0.369151],[0.537941,0.381559],[0.553281,0.394191],[0.55818,0.398832],[0.56398,0.402184],[0.571373,0.402723],[0.571156,0.400723],[0.570125,0.39952],[0.568836,0.39866],[0.553281,0.390496],[0.537941,0.377863],[0.520238,0.365021],[0.500473,0.355563],[0.486889,0.35133],[0.473016,0.348],[0.455167,0.344428],[0.437094,0.343016],[0.419111,0.345712],[0.403191,0.354016],[0.393395,0.363168],[0.381965,0.369871],[0.379215,0.370473],[0.376809,0.371848],[0.376185,0.372938],[0.375168,0.37314],[0.37397,0.373249],[0.371534,0.37353],[0.368305,0.375112],[0.368602,0.374383],[0.372598,0.370301],[0.377453,0.367207],[0.389318,0.35762],[0.39941,0.346066],[0.41186,0.329615],[0.426437,0.315387],[0.439285,0.308807],[0.453422,0.305676],[0.470389,0.306003],[0.487066,0.309586],[0.501896,0.314957],[0.515855,0.322262],[0.532242,0.333884],[0.548381,0.345802],[0.565914,0.355047],[0.578203,0.359473],[0.587785,0.368066],[0.590105,0.380398],[0.592941,0.393547],[0.59191,0.406781],[0.591927,0.406781]] },
	"2": { "outline": [[0.662293,-0.186949],[0.663151,-0.166981],[0.663295,-0.146982],[0.662776,-0.126978],[0.661648,-0.106996],[0.661605,-0.0899805],[0.669082,-0.0750274],[0.683691,-0.0697852],[0.699375,-0.0710742],[0.70944,-0.0725244],[0.711406,-0.0574961],[0.713716,-0.0353749],[0.715285,-0.0130863],[0.715934,0.00925665],[0.715486,0.0315413],[0.713764,0.0536547],[0.710588,0.0754842],[0.705782,0.0969169],[0.699168,0.11784],[0.690566,0.138141],[0.68248,0.153289],[0.673212,0.167741],[0.662825,0.181411],[0.651379,0.194215],[0.647445,0.215682],[0.641985,0.236824],[0.635034,0.257522],[0.626629,0.27766],[0.617354,0.296544],[0.607802,0.315266],[0.598957,0.334293],[0.594102,0.346303],[0.588988,0.358184],[0.586035,0.363781],[0.588753,0.367603],[0.590793,0.376939],[0.591166,0.380244],[0.592656,0.38727],[0.593998,0.393363],[0.592882,0.407238],[0.591397,0.409711],[0.589916,0.414545],[0.581649,0.421255],[0.575947,0.423264],[0.58684,0.438406],[0.5914,0.452376],[0.593285,0.467023],[0.59277,0.485763],[0.588645,0.504019],[0.579267,0.522115],[0.564668,0.536117],[0.545762,0.543293],[0.525695,0.541059],[0.515512,0.535516],[0.501681,0.52292],[0.492395,0.506812],[0.489347,0.490785],[0.490601,0.474357],[0.496176,0.465176],[0.50201,0.453548],[0.509442,0.449753],[0.514254,0.447143],[0.520213,0.443989],[0.513808,0.458174],[0.513761,0.474971],[0.516726,0.485852],[0.522321,0.495398],[0.53063,0.502256],[0.540819,0.504557],[0.550147,0.501801],[0.558821,0.494347],[0.564387,0.483911],[0.566388,0.472019],[0.565018,0.459948],[0.559651,0.447393],[0.550115,0.438169],[0.53534,0.435298],[0.55134,0.429005],[0.567848,0.424184],[0.575063,0.422388],[0.581211,0.420273],[0.588988,0.414],[0.590335,0.409338],[0.59191,0.406781],[0.592941,0.393547],[0.590105,0.380398],[0.587785,0.368066],[0.585509,0.364773],[0.582359,0.361971],[0.581883,0.361625],[0.578203,0.359473],[0.565914,0.355047],[0.55944,0.352241],[0.544506,0.343101],[0.530352,0.332432],[0.515855,0.322262],[0.501896,0.314957],[0.487066,0.309586],[0.470389,0.306003],[0.453422,0.305676],[0.439285,0.308807],[0.426437,0.315387],[0.41186,0.329615],[0.39941,0.346066],[0.395331,0.351053],[0.393437,0.353201],[0.391084,0.355726],[0.384766,0.361727],[0.384519,0.361949],[0.377453,0.367207],[0.372598,0.370301],[0.368602,0.374383],[0.368305,0.375112],[0.367479,0.377048],[0.367501,0.377063],[0.367355,0.377391],[0.367055,0.379539],[0.367656,0.383836],[0.370105,0.395223],[0.377582,0.407855],[0.38773,0.418295],[0.39201,0.421853],[0.396617,0.425215],[0.398505,0.427228],[0.398449,0.427228],[0.405097,0.433986],[0.401688,0.435184],[0.393137,0.441844],[0.384328,0.455938],[0.38204,0.468259],[0.38291,0.480902],[0.386219,0.491859],[0.394168,0.499852],[0.404309,0.500668],[0.413418,0.495898],[0.42459,0.47768],[0.427004,0.463807],[0.425469,0.449872],[0.433962,0.453926],[0.445049,0.469659],[0.443729,0.483623],[0.440488,0.49723],[0.43422,0.511244],[0.42502,0.523484],[0.413203,0.532336],[0.398809,0.535516],[0.381105,0.527609],[0.37075,0.510938],[0.367694,0.491521],[0.368473,0.471621],[0.370234,0.453741],[0.374703,0.436473],[0.384242,0.421391],[0.386909,0.419011],[0.376746,0.40853],[0.369088,0.395566],[0.367217,0.387379],[0.36652,0.383655],[0.365981,0.379539],[0.366212,0.377516],[0.366134,0.377466],[0.367412,0.374447],[0.367682,0.373826],[0.371954,0.369441],[0.37593,0.366868],[0.37688,0.366298],[0.384343,0.360732],[0.38291,0.34684],[0.38247,0.328159],[0.379902,0.309801],[0.371926,0.291684],[0.360824,0.275082],[0.350888,0.260899],[0.341563,0.246309],[0.333512,0.231099],[0.327395,0.215055],[0.323409,0.194596],[0.323484,0.173719],[0.312676,0.157025],[0.302628,0.139843],[0.293363,0.122219],[0.284898,0.104195],[0.277213,0.0855933],[0.270439,0.0666393],[0.264633,0.0473749],[0.259856,0.0278419],[0.256164,0.0080822],[0.253617,-0.0118633],[0.252472,-0.0273447],[0.252074,-0.0428748],[0.252437,-0.0584066],[0.260793,-0.0665625],[0.274338,-0.0789623],[0.288072,-0.0911532],[0.301989,-0.103134],[0.316085,-0.114904],[0.330356,-0.126461],[0.344797,-0.137805],[0.358209,-0.148389],[0.370715,-0.159919],[0.381063,-0.173254],[0.388152,-0.192719],[0.383855,-0.212742],[0.370965,-0.223441],[0.354379,-0.226535],[0.336824,-0.223386],[0.345935,-0.235059],[0.355236,-0.246569],[0.364305,-0.258246],[0.370291,-0.266784],[0.381363,-0.272684],[0.400595,-0.280895],[0.420584,-0.28704],[0.441102,-0.291104],[0.461926,-0.293073],[0.482829,-0.292929],[0.503583,-0.290657],[0.52396,-0.286243],[0.543739,-0.27967],[0.562691,-0.270922],[0.579555,-0.260866],[0.595509,-0.249428],[0.610729,-0.236937],[0.625383,-0.223725],[0.639648,-0.210121],[0.651171,-0.198738],[0.662276,-0.186949],[0.662293,-0.186949]] },