{
"name": "_wbt_helix",
"flags": {
	"0": { "outline": [[0.214135,0.228546],[-0.0211464,-0.17897],[-0.0167375,-0.182461],[0.129659,-0.182461],[0.140081,-0.181762],[0.150185,-0.179114],[0.159597,-0.174592],[0.167977,-0.168361],[0.175015,-0.16065],[0.180486,-0.151963],[0.306057,0.0655276],[0.303013,0.074598],[0.214135,0.228546]] },
	"1": { "outline": [[0.691043,-0.0896445],[0.601683,0.0651264],[0.596424,0.0687265],[0.549115,-0.0132156],[0.549172,-0.0223117],[0.601731,-0.113357],[0.607135,-0.122369],[0.614379,-0.12994],[0.623452,-0.135183],[0.633626,-0.137687],[0.644097,-0.137256],[0.654041,-0.133948],[0.658761,-0.135512],[0.649174,-0.13976],[0.638828,-0.141467],[0.628387,-0.140509],[0.61854,-0.136914],[0.609922,-0.130928],[0.603135,-0.122938],[0.597833,-0.113862],[0.271966,0.450617],[0.266472,0.459579],[0.259554,0.467475],[0.251263,0.473913],[0.2419,0.478662],[0.231806,0.481549],[0.221344,0.482468],[0.105704,0.482468],[0.0951928,0.482312],[0.0848455,0.480529],[0.0750269,0.476813],[0.0660903,0.471303],[0.0583626,0.4642],[0.0521232,0.455756],[0.0363462,0.428443],[0.0338212,0.423822],[0.0408254,0.431619],[0.0495992,0.437359],[0.0595425,0.440698],[0.0700041,0.441436],[0.0803066,0.439497],[0.0897846,0.434982],[0.097784,0.428206],[0.103814,0.419625],[0.434393,-0.153012],[0.440175,-0.161782],[0.447482,-0.16932],[0.456087,-0.175334],[0.465678,-0.179608],[0.475901,-0.181983],[0.486398,-0.182467],[0.602038,-0.182467],[0.61254,-0.182035],[0.62278,-0.179736],[0.632401,-0.175532],[0.641049,-0.16958],[0.648411,-0.162094],[0.654244,-0.15336],[0.691043,-0.0896445]] },
	"2": { "outline": [[0.910145,-0.136039],[0.901807,-0.129684],[0.895385,-0.121396],[0.564242,0.45222],[0.558566,0.461065],[0.551387,0.468722],[0.542882,0.474879],[0.533364,0.479311],[0.523179,0.481855],[0.512691,0.482468],[0.397045,0.482468],[0.386537,0.482141],[0.376258,0.48001],[0.36657,0.475965],[0.357825,0.470156],[0.350341,0.462792],[0.344384,0.454143],[0.307586,0.390414],[0.311977,0.381309],[0.396076,0.235629],[0.401335,0.230554],[0.448646,0.3125],[0.449422,0.321598],[0.396856,0.412646],[0.391512,0.421698],[0.384441,0.429431],[0.375486,0.434872],[0.365368,0.4376],[0.35489,0.437397],[0.344876,0.434306],[0.338572,0.434985],[0.348055,0.439465],[0.358358,0.441422],[0.368821,0.440719],[0.378754,0.437366],[0.387512,0.431589],[0.394492,0.423766],[0.399846,0.414721],[0.725182,-0.148836],[0.730535,-0.157889],[0.737152,-0.166038],[0.745199,-0.172782],[0.754379,-0.177877],[0.764358,-0.181137],[0.774774,-0.182443],[0.900944,-0.182427],[0.911347,-0.181031],[0.921298,-0.177683],[0.930433,-0.172508],[0.938422,-0.165694],[0.944968,-0.15749],[0.950298,-0.148422],[0.965478,-0.122098],[0.958875,-0.130248],[0.950397,-0.136422],[0.940631,-0.140246],[0.930217,-0.141498],[0.919824,-0.140074],[0.910145,-0.136039]] },
	"3": { "outline": [[0.784056,0.0714576],[1.01934,0.478978],[1.01492,0.482466],[0.868525,0.482466],[0.858103,0.481766],[0.847999,0.479119],[0.838586,0.474597],[0.830205,0.468368],[0.823166,0.460658],[0.817694,0.451973],[0.692122,0.23448],[0.695177,0.22541],[0.784056,0.0714576]] }
},
"outline": [[0.788768,0.0723626],[1.02042,0.473604],[1.025,0.482945],[1.01611,0.486094],[0.868688,0.486094],[0.858186,0.485445],[0.847973,0.482939],[0.838373,0.478641],[0.829697,0.472697],[0.822226,0.465294],[0.816212,0.456662],[0.695117,0.246924],[0.689852,0.241889],[0.568769,0.451633],[0.563347,0.460658],[0.556625,0.468749],[0.548568,0.47551],[0.539439,0.480733],[0.529527,0.484253],[0.519147,0.485946],[0.508617,0.486095],[0.392789,0.486095],[0.382307,0.485191],[0.372159,0.482426],[0.362666,0.4779],[0.354124,0.471762],[0.346812,0.464202],[0.340957,0.455461],[0.309364,0.400748],[0.304099,0.402211],[0.272512,0.456928],[0.26642,0.465504],[0.258893,0.47285],[0.25018,0.47874],[0.240559,0.482992],[0.230338,0.485463],[0.219834,0.486095],[0.104006,0.486095],[0.0934813,0.4858],[0.0831541,0.483806],[0.073349,0.480003],[0.0643729,0.47452],[0.0565134,0.467532],[0.0500301,0.459253],[0.0446992,0.450167],[0.0289085,0.422807],[0.0349551,0.418837],[0.0413615,0.427167],[0.0498234,0.433378],[0.0596702,0.437015],[0.0701411,0.437792],[0.0804088,0.435619],[0.0896604,0.430663],[0.0971476,0.423309],[0.102669,0.414353],[0.207967,0.23197],[0.206656,0.222852],[-0.0249999,-0.178389],[-0.0229057,-0.186088],[0.124512,-0.186088],[0.135044,-0.18597],[0.145433,-0.184351],[0.155365,-0.180885],[0.164514,-0.175698],[0.172588,-0.168958],[0.179318,-0.160874],[0.18474,-0.151849],[0.305834,0.0578889],[0.30216,0.0670079],[0.212657,0.222032],[0.212194,0.224655],[0.433312,-0.158335],[0.439639,-0.166735],[0.447367,-0.173867],[0.45624,-0.179514],[0.465974,-0.183496],[0.476261,-0.185681],[0.486781,-0.186095],[0.602609,-0.186095],[0.613125,-0.185613],[0.62339,-0.183333],[0.633086,-0.179259],[0.641907,-0.173529],[0.649567,-0.166324],[0.655815,-0.157864],[0.687428,-0.103157],[0.68834,-0.0940372],[0.593573,0.0701059],[0.588308,0.0619245],[0.54619,-0.0110268],[0.540925,-0.00802962],[0.309287,0.393224],[0.31107,0.39191],[0.40057,0.236883],[0.405835,0.231096],[0.45322,0.313168],[0.458485,0.305901],[0.721687,-0.150037],[0.727013,-0.159127],[0.733474,-0.167423],[0.741315,-0.174432],[0.750277,-0.179937],[0.760073,-0.183765],[0.770395,-0.185785],[0.78092,-0.186095],[0.89675,-0.186095],[0.907255,-0.185485],[0.917483,-0.183039],[0.927114,-0.17881],[0.935842,-0.172942],[0.943387,-0.165616],[0.9495,-0.157055],[0.965299,-0.129698],[0.969285,-0.12027],[0.961637,-0.121369],[0.954608,-0.129161],[0.94568,-0.134682],[0.935577,-0.13753],[0.925079,-0.13747],[0.915018,-0.134481],[0.906191,-0.128803],[0.899318,-0.120873],[0.693966,0.234764],[0.694004,0.236508],[0.788768,0.0723626]],
"inputs": [[0.0642501,0.636095,90],[0.151362,0.636095,90],[0.238531,0.636095,90],[0.325626,0.636095,90],[0.41282,0.636095,90],[0.5,0.636095,90],[0.58718,0.636095,90],[0.674373,0.636095,90],[0.761469,0.636095,90],[0.848638,0.636095,90],[0.93575,0.636095,90]],
"outputs": [[0.0642501,-0.336095,270],[0.151362,-0.336095,270],[0.238531,-0.336095,270],[0.325626,-0.336095,270],[0.41282,-0.336095,270],[0.5,-0.336095,270],[0.58718,-0.336095,270],[0.674374,-0.336095,270],[0.761469,-0.336095,270],[0.848638,-0.336095,270],[0.93575,-0.336095,270]],
"icon": [[0.449009,-0.143255],[0.545009,-0.0472552]]
}